Session Title,HA1C 7.0% or more and Percentage with BMI 30.0  or more and 49.8  or less by Age in Years (Current) Range and State of Residence (U.S.),,,
Session Description,"C01 HbA1c, BMI, and Number, by state, agecounties in states North Dakota-Virginia",,,
Session ID,2731163,,,
Data Model,Patients,,,
Population Base,All Patients,,,
Population Criteria Filters: These criteria are a summary and do not fully reflect the content of the exported session.,"State of Residence (U.S.): Washington, West Virginia, Wisconsin, Wyoming",Base Patient,,
Session Date Range,4/11/2023 - 4/10/2025,,,
Export User,Stephanie Perniciaro,,,
Date of Export,5/1/2025,,,
,,,,
,,,,
,Measures,Number of Patients,Percentage with Hemoglobin A1C 7.0% or more (%),Percentage with BMI 30.0  or more and 49.8  or less (%)
Age in Years (Current),County of Residence,,,
Less than 10 years,"KING, WA",61898,0.027%,0.553%
,"MILWAUKEE, WI",101345,0.083%,1.1%
,"DANE, WI",41974,0.11%,0.405%
,"CLARK, WA",28484,0.193%,0.432%
,"BROWN, WI",24280,0.099%,1.3%
,"WAUKESHA, WI",31536,0.159%,0.425%
,"SNOHOMISH, WA",15000,-,0.747%
,"RACINE, WI",16173,0.093%,0.791%
,"BERKELEY, WV",14204,0.127%,1.6%
,"KENOSHA, WI",15957,0.119%,0.802%
,"SHEBOYGAN, WI",11473,0.105%,0.915%
,"ROCK, WI",11970,0.142%,1.1%
,"SKAGIT, WA",10199,-,1.3%
,"LA CROSSE, WI",9000,-,0.467%
,"WALWORTH, WI",7840,-,1%
,"WASHINGTON, WI",9727,0.123%,0.627%
,"WINNEBAGO, WI",8887,0.214%,0.709%
,"MONONGALIA, WV",8574,-,1%
,"LARAMIE, WY",10621,0.188%,0.565%
,"WOOD, WV",6724,-,2%
,"CHELAN, WA",6905,-,0.869%
,"HARRISON, WV",6738,0.193%,2%
,"OZAUKEE, WI",8825,0.125%,0.397%
,"KANAWHA, WV",7676,-,1.2%
,"MANITOWOC, WI",6686,-,1.2%
,"GRANT, WA",6563,-,1.1%
,"MARION, WV",5279,-,2.2%
,"PIERCE, WA",3285,-,0.365%
,"JEFFERSON, WV",5274,-,1.5%
,"COWLITZ, WA",5106,0.274%,0.431%
,"OUTAGAMIE, WI",6521,0.337%,0.583%
,"EAU CLAIRE, WI",4806,-,1.2%
,"FOND DU LAC, WI",4874,-,0.862%
,"DODGE, WI",4219,-,0.498%
,"OHIO, WV",3518,-,1.6%
,"DOUGLAS, WA",4369,-,0.961%
,"MERCER, WV",3485,-,2%
,"WHATCOM, WA",3122,-,0.801%
,"DOUGLAS, WI",3270,-,0.948%
,"CABELL, WV",4541,-,1.3%
,"JEFFERSON, WI",3379,-,0.592%
,"CHIPPEWA, WI",3175,-,1.2%
,"OKANOGAN, WA",2870,-,1%
,"MARINETTE, WI",2366,-,1.4%
,"OCONTO, WI",2698,-,1.3%
,"MONROE, WI",3438,-,0.669%
,"ISLAND, WA",1445,-,0.83%
,"COLUMBIA, WI",2610,-,0.46%
,"JACKSON, WV",2676,-,2.3%
,"MARSHALL, WV",2442,-,3.2%
,"YAKIMA, WA",6365,-,0.738%
,"VERNON, WI",2010,-,-
,"UPSHUR, WV",2107,-,2.1%
,"TREMPEALEAU, WI",2516,-,0.994%
,"PRESTON, WV",2399,-,1.3%
,"ALBANY, WY",2453,-,0.489%
,"MINERAL, WV",1740,-,2.6%
,"NICHOLAS, WV",1229,-,2%
,"SAUK, WI",1560,-,1.1%
,"GRANT, WI",1577,-,1.2%
,"DOOR, WI",1031,-,-
,"PUTNAM, WV",2580,-,0.93%
,"HAMPSHIRE, WV",1377,-,1.5%
,"GREEN, WI",1422,-,-
,"WAYNE, WV",2006,-,1.8%
,"SHAWANO, WI",1589,-,1.4%
,"JUNEAU, WI",1141,-,-
,"RANDOLPH, WV",993,-,2.1%
,"LEWIS, WV",1331,-,1.7%
,"WETZEL, WV",1548,-,2.6%
,"KEWAUNEE, WI",1462,-,1.1%
,"SAINT CROIX, WI",957,-,1.4%
,"MORGAN, WV",1137,-,1.7%
,"SAWYER, WI",953,-,1.3%
,"JACKSON, WI",898,-,-
,"THURSTON, WA",432,-,-
,"CALUMET, WI",1493,-,0.938%
,"PIERCE, WI",881,-,2.5%
,"BARRON, WI",1229,-,-
,"TAYLOR, WV",1113,-,1.8%
,"BRAXTON, WV",805,-,3.5%
,"DUNN, WI",947,-,-
,"ASHLAND, WI",997,-,-
,"LINCOLN, WY",1232,-,1.9%
,"CRAWFORD, WI",737,-,-
,"RALEIGH, WV",796,-,-
,"BAYFIELD, WI",690,-,-
,"WASHBURN, WI",627,-,-
,"MARATHON, WI",1176,-,-
,"BARBOUR, WV",984,-,1.9%
,"FAYETTE, WV",752,-,1.7%
,"POLK, WI",691,-,-
,"ADAMS, WI",690,-,2%
,"PARK, WY",549,-,-
,"KLICKITAT, WA",864,-,-
,"KITSAP, WA",239,-,-
,"BROOKE, WV",745,-,1.7%
,"KITTITAS, WA",393,-,-
,"WAUSHARA, WI",750,-,-
,"SWEETWATER, WY",695,-,-
,"GRANT, WV",695,-,2.9%
,"HARDY, WV",654,-,2%
,"RICHLAND, WI",586,-,-
,"HANCOCK, WV",1035,-,1.3%
,"IOWA, WI",745,-,-
,"BUFFALO, WI",671,-,-
,"RITCHIE, WV",719,-,1.8%
,"BURNETT, WI",409,-,-
,"WAUPACA, WI",1160,-,-
,"MARQUETTE, WI",456,-,-
,"UINTA, WY",744,-,-
,"MINGO, WV",503,-,3.8%
,"MASON, WV",826,-,1.9%
,"CLAY, WV",416,-,-
,"MCDOWELL, WV",404,-,-
,"TYLER, WV",579,-,-
,"RUSK, WI",526,-,-
,"PORTAGE, WI",807,-,-
,"GREENBRIER, WV",398,-,-
,"SPOKANE, WA",293,-,-
,"PACIFIC, WA",219,-,-
,"WOOD, WI",486,-,-
,"WEBSTER, WV",342,-,-
,"GREEN LAKE, WI",688,-,-
,"CLARK, WI",480,-,-
,"LOGAN, WV",521,-,-
,"BOONE, WV",605,-,2.1%
,"PLEASANTS, WV",463,-,-
,"LINCOLN, WV",659,-,2.7%
,"PENDLETON, WV",325,-,-
,"LAFAYETTE, WI",507,-,-
,"DODDRIDGE, WV",449,-,-
,"CARBON, WY",493,-,-
,"WIRT, WV",411,-,-
,"ROANE, WV",390,-,-
,"WYOMING, WV",248,-,-
,"NATRONA, WY",578,-,-
,"LEWIS, WA",342,-,-
,"ADAMS, WA",435,-,-
,"SKAMANIA, WA",356,-,-
,"CAMPBELL, WY",327,-,-
,"TUCKER, WV",299,-,-
,"SAN JUAN, WA",86,-,-
,"FREMONT, WY",379,-,-
,"MONROE, WV",377,-,-
,"POCAHONTAS, WV",170,-,-
,"PEPIN, WI",260,-,-
,"GILMER, WV",297,-,-
,"CALHOUN, WV",270,-,-
,"BENTON, WA",212,-,-
,"TETON, WY",168,-,-
,"GOSHEN, WY",163,-,-
,"PLATTE, WY",241,-,-
,"CROOK, WY",264,-,-
,"ONEIDA, WI",179,-,-
,"WESTON, WY",336,-,-
,"WHITMAN, WA",153,-,-
,"SUMMERS, WV",156,-,-
,"LANGLADE, WI",224,-,-
,"PRICE, WI",103,-,-
,"WAHKIAKUM, WA",115,-,-
,"MASON, WA",48,-,-
,"CLALLAM, WA",32,-,-
,"GRAYS HARBOR, WA",40,-,-
,"LINCOLN, WI",220,-,-
,"IRON, WI",146,-,-
,"BIG HORN, WY",134,-,-
,"VILAS, WI",69,-,-
,"SHERIDAN, WY",172,-,-
,"MENOMINEE, WI",236,-,-
,"FOREST, WI",115,-,-
,"TAYLOR, WI",145,-,-
,"SUBLETTE, WY",57,-,-
,"FRANKLIN, WA",98,-,-
,"WALLA WALLA, WA",47,-,-
,"JEFFERSON, WA",18,-,-
,"FLORENCE, WI",48,-,-
,"CONVERSE, WY",103,-,-
,"WASHAKIE, WY",49,-,-
,"LINCOLN, WA",47,-,-
,"ASOTIN, WA",39,-,-
,"FERRY, WA",25,-,-
,"JOHNSON, WY",36,-,-
,"STEVENS, WA",19,-,-
,"HOT SPRINGS, WY",34,-,-
,"NIOBRARA, WY",19,-,-
,"PEND OREILLE, WA",10 or fewer,-,-
,"COLUMBIA, WA",10 or fewer,-,-
,"GARFIELD, WA",10 or fewer,-,-
,None of the above,28097,0.05%,0.498%
,Total,699413,0.108%,0.93%
≥ 10 and < 15 years,"KING, WA",26096,0.096%,5.9%
,"MILWAUKEE, WI",45717,0.348%,11.7%
,"DANE, WI",21966,0.442%,5.1%
,"CLARK, WA",10475,1%,4.5%
,"BROWN, WI",12185,0.378%,8.6%
,"WAUKESHA, WI",16426,0.475%,4%
,"SNOHOMISH, WA",5401,-,7.9%
,"RACINE, WI",8001,0.712%,9%
,"BERKELEY, WV",6573,0.472%,11.3%
,"KENOSHA, WI",8097,0.605%,9.1%
,"SHEBOYGAN, WI",5849,0.325%,8.4%
,"ROCK, WI",6238,0.529%,9.3%
,"SKAGIT, WA",4731,-,11.7%
,"LA CROSSE, WI",4599,0.304%,6.5%
,"WALWORTH, WI",4394,0.592%,8.8%
,"WASHINGTON, WI",5093,0.471%,4.9%
,"WINNEBAGO, WI",4162,0.769%,7.4%
,"MONONGALIA, WV",3851,0.571%,9.5%
,"LARAMIE, WY",4195,0.62%,7.4%
,"WOOD, WV",3240,0.432%,11%
,"CHELAN, WA",3465,-,7.5%
,"HARRISON, WV",3567,0.561%,12.7%
,"OZAUKEE, WI",4413,0.476%,3.4%
,"KANAWHA, WV",3381,0.355%,13.1%
,"MANITOWOC, WI",3211,-,9.2%
,"GRANT, WA",3424,-,10.3%
,"MARION, WV",2867,0.767%,12.1%
,"PIERCE, WA",1495,-,4%
,"JEFFERSON, WV",2949,-,10.1%
,"COWLITZ, WA",1962,0.866%,8.8%
,"OUTAGAMIE, WI",3016,1.8%,6.9%
,"EAU CLAIRE, WI",2227,-,7%
,"FOND DU LAC, WI",2271,0.705%,7.7%
,"DODGE, WI",2108,0.901%,8.9%
,"OHIO, WV",1913,-,12.4%
,"DOUGLAS, WA",2053,-,8.9%
,"MERCER, WV",1335,-,14.9%
,"WHATCOM, WA",1338,-,9.6%
,"DOUGLAS, WI",1861,-,9.4%
,"CABELL, WV",2729,-,13.2%
,"JEFFERSON, WI",1515,0.858%,6.1%
,"CHIPPEWA, WI",1604,-,6.5%
,"OKANOGAN, WA",1794,-,8.7%
,"MARINETTE, WI",1132,-,9.3%
,"OCONTO, WI",1456,0.824%,9.7%
,"MONROE, WI",1763,0.624%,10.7%
,"ISLAND, WA",573,-,7%
,"COLUMBIA, WI",1291,-,6.5%
,"JACKSON, WV",1429,-,15.7%
,"MARSHALL, WV",1307,-,16.8%
,"YAKIMA, WA",2865,-,11.4%
,"VERNON, WI",1129,-,6%
,"UPSHUR, WV",1079,-,13.3%
,"TREMPEALEAU, WI",1237,-,8.3%
,"PRESTON, WV",1135,-,10.4%
,"ALBANY, WY",1016,-,3.9%
,"MINERAL, WV",1003,-,12.5%
,"NICHOLAS, WV",727,-,12.4%
,"SAUK, WI",738,-,7.3%
,"GRANT, WI",891,-,9.2%
,"DOOR, WI",471,-,10.2%
,"PUTNAM, WV",1398,-,8.4%
,"HAMPSHIRE, WV",585,-,12.3%
,"GREEN, WI",718,-,6.4%
,"WAYNE, WV",1225,-,15.1%
,"SHAWANO, WI",766,-,9.7%
,"JUNEAU, WI",615,-,6.7%
,"RANDOLPH, WV",429,-,13.3%
,"LEWIS, WV",635,-,10.6%
,"WETZEL, WV",676,-,13.3%
,"KEWAUNEE, WI",757,-,9.5%
,"SAINT CROIX, WI",524,-,5.3%
,"MORGAN, WV",513,-,11.1%
,"SAWYER, WI",539,-,10.2%
,"JACKSON, WI",501,-,4.6%
,"THURSTON, WA",261,-,6.1%
,"CALUMET, WI",636,-,8.8%
,"PIERCE, WI",598,-,9.9%
,"BARRON, WI",606,-,5.9%
,"TAYLOR, WV",547,-,12.4%
,"BRAXTON, WV",538,-,15.8%
,"DUNN, WI",468,-,5.8%
,"ASHLAND, WI",479,-,8.6%
,"LINCOLN, WY",573,-,4%
,"CRAWFORD, WI",455,-,8.1%
,"RALEIGH, WV",378,-,14%
,"BAYFIELD, WI",409,-,6.1%
,"WASHBURN, WI",439,-,10.9%
,"MARATHON, WI",751,-,5.1%
,"BARBOUR, WV",372,-,12.6%
,"FAYETTE, WV",407,-,9.3%
,"POLK, WI",320,-,4.1%
,"ADAMS, WI",353,-,9.6%
,"PARK, WY",364,-,4.9%
,"KLICKITAT, WA",401,-,9.7%
,"KITSAP, WA",153,-,-
,"BROOKE, WV",408,-,14.7%
,"KITTITAS, WA",248,-,11.7%
,"WAUSHARA, WI",473,-,7.2%
,"SWEETWATER, WY",291,-,-
,"GRANT, WV",299,-,16.4%
,"HARDY, WV",224,-,12.5%
,"RICHLAND, WI",332,-,6.9%
,"HANCOCK, WV",566,-,13.1%
,"IOWA, WI",368,-,9%
,"BUFFALO, WI",368,-,7.9%
,"RITCHIE, WV",295,-,9.2%
,"BURNETT, WI",281,-,11%
,"WAUPACA, WI",528,2.1%,10.2%
,"MARQUETTE, WI",281,-,11.7%
,"UINTA, WY",481,-,3.1%
,"MINGO, WV",186,-,15.1%
,"MASON, WV",487,-,14.6%
,"CLAY, WV",216,-,13.9%
,"MCDOWELL, WV",167,-,16.8%
,"TYLER, WV",286,-,11.5%
,"RUSK, WI",266,-,9.8%
,"PORTAGE, WI",454,-,3.3%
,"GREENBRIER, WV",203,-,10.3%
,"SPOKANE, WA",141,-,-
,"PACIFIC, WA",150,-,11.3%
,"WOOD, WI",376,-,2.9%
,"WEBSTER, WV",176,-,10.8%
,"GREEN LAKE, WI",293,-,10.2%
,"CLARK, WI",240,-,5%
,"LOGAN, WV",206,-,14.6%
,"BOONE, WV",238,-,17.2%
,"PLEASANTS, WV",181,-,12.2%
,"LINCOLN, WV",354,-,11.9%
,"PENDLETON, WV",137,-,8.8%
,"LAFAYETTE, WI",343,-,-
,"DODDRIDGE, WV",170,-,12.4%
,"CARBON, WY",173,-,-
,"WIRT, WV",186,-,12.9%
,"ROANE, WV",137,-,16.8%
,"WYOMING, WV",175,-,-
,"NATRONA, WY",267,-,7.9%
,"LEWIS, WA",91,-,-
,"ADAMS, WA",212,-,8%
,"SKAMANIA, WA",190,-,8.9%
,"CAMPBELL, WY",146,-,-
,"TUCKER, WV",103,-,10.7%
,"SAN JUAN, WA",60,-,-
,"FREMONT, WY",174,-,12.1%
,"MONROE, WV",118,-,12.7%
,"POCAHONTAS, WV",78,-,-
,"PEPIN, WI",155,-,-
,"GILMER, WV",149,-,-
,"CALHOUN, WV",100,-,-
,"BENTON, WA",67,-,-
,"TETON, WY",79,-,-
,"GOSHEN, WY",89,-,-
,"PLATTE, WY",75,-,-
,"CROOK, WY",87,-,-
,"ONEIDA, WI",54,-,-
,"WESTON, WY",122,-,9%
,"WHITMAN, WA",52,-,-
,"SUMMERS, WV",61,-,-
,"LANGLADE, WI",100,-,-
,"PRICE, WI",58,-,-
,"WAHKIAKUM, WA",90,-,-
,"MASON, WA",32,-,-
,"CLALLAM, WA",10 or fewer,-,-
,"GRAYS HARBOR, WA",22,-,-
,"LINCOLN, WI",112,-,-
,"IRON, WI",86,-,15.1%
,"BIG HORN, WY",98,-,-
,"VILAS, WI",31,-,-
,"SHERIDAN, WY",61,-,-
,"MENOMINEE, WI",91,-,17.6%
,"FOREST, WI",57,-,-
,"TAYLOR, WI",43,-,-
,"SUBLETTE, WY",49,-,-
,"FRANKLIN, WA",40,-,-
,"WALLA WALLA, WA",32,-,-
,"JEFFERSON, WA",10 or fewer,-,-
,"FLORENCE, WI",21,-,-
,"CONVERSE, WY",49,-,-
,"WASHAKIE, WY",37,-,-
,"LINCOLN, WA",13,-,-
,"ASOTIN, WA",11,-,-
,"FERRY, WA",20,-,-
,"JOHNSON, WY",27,-,-
,"STEVENS, WA",11,-,-
,"HOT SPRINGS, WY",15,-,-
,"NIOBRARA, WY",10 or fewer,-,-
,"PEND OREILLE, WA",10 or fewer,-,-
,"COLUMBIA, WA",10 or fewer,-,-
,"GARFIELD, WA",10 or fewer,-,-
,None of the above,18553,0.167%,5.8%
,Total,338122,0.448%,8.4%
≥ 15 and < 20 years,"KING, WA",35032,0.231%,13.6%
,"MILWAUKEE, WI",46334,0.87%,25.8%
,"DANE, WI",22624,0.751%,14.5%
,"CLARK, WA",12010,1.5%,14.3%
,"BROWN, WI",12877,0.753%,21.6%
,"WAUKESHA, WI",16056,0.872%,12.6%
,"SNOHOMISH, WA",6858,0.16%,18.1%
,"RACINE, WI",7868,0.979%,21.8%
,"BERKELEY, WV",6885,0.755%,26.3%
,"KENOSHA, WI",8054,0.708%,22.9%
,"SHEBOYGAN, WI",6290,0.7%,21.9%
,"ROCK, WI",6597,0.97%,23.7%
,"SKAGIT, WA",5360,0.28%,26%
,"LA CROSSE, WI",5119,0.606%,16.3%
,"WALWORTH, WI",4912,0.794%,22.7%
,"WASHINGTON, WI",5607,1%,15.5%
,"WINNEBAGO, WI",4514,0.82%,21.4%
,"MONONGALIA, WV",4009,0.748%,22.4%
,"LARAMIE, WY",4175,1%,19.5%
,"WOOD, WV",3623,1.1%,28.2%
,"CHELAN, WA",3877,0.464%,19.9%
,"HARRISON, WV",3857,0.882%,28.4%
,"OZAUKEE, WI",4277,0.514%,12.4%
,"KANAWHA, WV",3100,0.968%,25.6%
,"MANITOWOC, WI",3370,0.979%,24%
,"GRANT, WA",3530,0.397%,25.4%
,"MARION, WV",3023,0.629%,27.7%
,"PIERCE, WA",2014,-,13.3%
,"JEFFERSON, WV",3249,0.8%,22.9%
,"COWLITZ, WA",2498,1.9%,19.4%
,"OUTAGAMIE, WI",3342,2.2%,17.7%
,"EAU CLAIRE, WI",2404,0.666%,18.8%
,"FOND DU LAC, WI",2500,1.6%,20.7%
,"DODGE, WI",2296,1.9%,21.6%
,"OHIO, WV",2203,-,24.6%
,"DOUGLAS, WA",2174,0.598%,19.7%
,"MERCER, WV",1623,0.924%,29.3%
,"WHATCOM, WA",1621,-,19.7%
,"DOUGLAS, WI",2069,0.58%,23.9%
,"CABELL, WV",3119,0.353%,25.9%
,"JEFFERSON, WI",1778,1.8%,17.9%
,"CHIPPEWA, WI",1796,0.891%,19.1%
,"OKANOGAN, WA",2039,-,19.8%
,"MARINETTE, WI",1317,1.3%,22.9%
,"OCONTO, WI",1535,1%,22.3%
,"MONROE, WI",1837,0.762%,19.2%
,"ISLAND, WA",686,-,18.2%
,"COLUMBIA, WI",1490,1.3%,18.8%
,"JACKSON, WV",1523,0.788%,29.2%
,"MARSHALL, WV",1404,-,28.1%
,"YAKIMA, WA",2463,-,27.6%
,"VERNON, WI",1306,-,15.8%
,"UPSHUR, WV",1240,0.887%,27.8%
,"TREMPEALEAU, WI",1395,-,21.3%
,"PRESTON, WV",1051,1.2%,27.8%
,"ALBANY, WY",1080,1%,14.2%
,"MINERAL, WV",1131,-,26.5%
,"NICHOLAS, WV",936,1.3%,24.5%
,"SAUK, WI",913,1.9%,15.1%
,"GRANT, WI",1032,1.1%,20.4%
,"DOOR, WI",636,-,22.5%
,"PUTNAM, WV",1314,-,20.5%
,"HAMPSHIRE, WV",661,-,28.3%
,"GREEN, WI",951,1.4%,16.2%
,"WAYNE, WV",1474,-,31.3%
,"SHAWANO, WI",813,-,23.1%
,"JUNEAU, WI",732,-,21%
,"RANDOLPH, WV",542,-,26%
,"LEWIS, WV",701,-,27.1%
,"WETZEL, WV",741,-,34.3%
,"KEWAUNEE, WI",769,-,18.7%
,"SAINT CROIX, WI",618,-,15.9%
,"MORGAN, WV",582,-,27.5%
,"SAWYER, WI",695,-,20%
,"JACKSON, WI",658,-,16.3%
,"THURSTON, WA",514,-,11.5%
,"CALUMET, WI",771,1.8%,19.3%
,"PIERCE, WI",768,-,19.8%
,"BARRON, WI",601,-,18%
,"TAYLOR, WV",585,-,34%
,"BRAXTON, WV",529,-,28.2%
,"DUNN, WI",594,-,16.5%
,"ASHLAND, WI",654,-,19.7%
,"LINCOLN, WY",738,-,14%
,"CRAWFORD, WI",595,-,17.8%
,"RALEIGH, WV",526,2.9%,24.3%
,"BAYFIELD, WI",483,-,18%
,"WASHBURN, WI",584,-,24%
,"MARATHON, WI",763,-,14.4%
,"BARBOUR, WV",438,-,27.6%
,"FAYETTE, WV",485,2.3%,22.3%
,"POLK, WI",446,-,16.1%
,"ADAMS, WI",444,-,21.4%
,"PARK, WY",472,-,10.8%
,"KLICKITAT, WA",500,-,16.8%
,"KITSAP, WA",327,-,8.3%
,"BROOKE, WV",471,-,26.5%
,"KITTITAS, WA",407,-,14.7%
,"WAUSHARA, WI",486,-,22.4%
,"SWEETWATER, WY",393,-,6.4%
,"GRANT, WV",330,-,25.8%
,"HARDY, WV",348,-,32.2%
,"RICHLAND, WI",406,-,15.8%
,"HANCOCK, WV",560,-,24.8%
,"IOWA, WI",410,-,15.4%
,"BUFFALO, WI",450,-,17.1%
,"RITCHIE, WV",328,-,28.7%
,"BURNETT, WI",332,-,24.4%
,"WAUPACA, WI",592,3.5%,22.5%
,"MARQUETTE, WI",365,-,24.4%
,"UINTA, WY",663,-,9.7%
,"MINGO, WV",261,-,34.5%
,"MASON, WV",519,-,30.6%
,"CLAY, WV",358,-,23.7%
,"MCDOWELL, WV",203,-,28.6%
,"TYLER, WV",317,-,31.2%
,"RUSK, WI",309,-,23.3%
,"PORTAGE, WI",403,2.7%,12.4%
,"GREENBRIER, WV",281,-,18.5%
,"SPOKANE, WA",270,-,12.2%
,"PACIFIC, WA",206,-,20.4%
,"WOOD, WI",476,-,8.4%
,"WEBSTER, WV",236,-,31.4%
,"GREEN LAKE, WI",312,-,19.6%
,"CLARK, WI",252,-,10.7%
,"LOGAN, WV",188,-,31.4%
,"BOONE, WV",262,-,26.3%
,"PLEASANTS, WV",228,-,25.9%
,"LINCOLN, WV",322,-,31.7%
,"PENDLETON, WV",172,-,25.6%
,"LAFAYETTE, WI",330,-,11.5%
,"DODDRIDGE, WV",214,-,28%
,"CARBON, WY",172,-,24.4%
,"WIRT, WV",219,-,31.5%
,"ROANE, WV",130,-,30.8%
,"WYOMING, WV",239,-,19.2%
,"NATRONA, WY",304,-,15.5%
,"LEWIS, WA",175,-,14.3%
,"ADAMS, WA",202,-,16.8%
,"SKAMANIA, WA",212,-,23.1%
,"CAMPBELL, WY",189,-,14.3%
,"TUCKER, WV",137,-,24.1%
,"SAN JUAN, WA",78,-,15.4%
,"FREMONT, WY",249,-,17.3%
,"MONROE, WV",142,-,22.5%
,"POCAHONTAS, WV",129,-,24.8%
,"PEPIN, WI",169,-,17.2%
,"GILMER, WV",170,-,25.9%
,"CALHOUN, WV",114,-,36%
,"BENTON, WA",130,-,14.6%
,"TETON, WY",126,-,-
,"GOSHEN, WY",107,-,21.5%
,"PLATTE, WY",91,-,23.1%
,"CROOK, WY",126,-,13.5%
,"ONEIDA, WI",94,-,16%
,"WESTON, WY",127,-,-
,"WHITMAN, WA",74,-,17.6%
,"SUMMERS, WV",93,-,19.4%
,"LANGLADE, WI",149,-,13.4%
,"PRICE, WI",112,-,13.4%
,"WAHKIAKUM, WA",109,-,21.1%
,"MASON, WA",65,-,-
,"CLALLAM, WA",44,-,-
,"GRAYS HARBOR, WA",38,-,-
,"LINCOLN, WI",110,-,17.3%
,"IRON, WI",134,-,11.9%
,"BIG HORN, WY",120,-,14.2%
,"VILAS, WI",56,-,-
,"SHERIDAN, WY",120,-,13.3%
,"MENOMINEE, WI",75,-,25.3%
,"FOREST, WI",89,-,19.1%
,"TAYLOR, WI",53,-,-
,"SUBLETTE, WY",60,-,-
,"FRANKLIN, WA",63,-,-
,"WALLA WALLA, WA",35,-,-
,"JEFFERSON, WA",14,-,-
,"FLORENCE, WI",31,-,-
,"CONVERSE, WY",61,-,19.7%
,"WASHAKIE, WY",45,-,-
,"LINCOLN, WA",25,-,-
,"ASOTIN, WA",17,-,-
,"FERRY, WA",17,-,-
,"JOHNSON, WY",26,-,-
,"STEVENS, WA",11,-,-
,"HOT SPRINGS, WY",17,-,-
,"NIOBRARA, WY",10 or fewer,-,-
,"PEND OREILLE, WA",10 or fewer,-,-
,"COLUMBIA, WA",10 or fewer,-,-
,"GARFIELD, WA",10 or fewer,-,-
,None of the above,25328,0.221%,14%
,Total,376301,0.767%,19.9%
≥ 20 and < 40 years,"KING, WA",236420,1.3%,28%
,"MILWAUKEE, WI",168227,2.5%,47.2%
,"DANE, WI",126822,1.7%,32.5%
,"CLARK, WA",55015,1.3%,33.3%
,"BROWN, WI",53298,1.9%,46.2%
,"WAUKESHA, WI",41248,1.5%,36.2%
,"SNOHOMISH, WA",50809,1.3%,34.6%
,"RACINE, WI",29352,2.2%,48.8%
,"BERKELEY, WV",29451,2.1%,55.7%
,"KENOSHA, WI",27628,2.3%,49%
,"SHEBOYGAN, WI",25157,2%,47.6%
,"ROCK, WI",27070,2.5%,48.9%
,"SKAGIT, WA",21900,1.8%,47.9%
,"LA CROSSE, WI",23388,1.7%,39.1%
,"WALWORTH, WI",18076,1.8%,47%
,"WASHINGTON, WI",17181,1.5%,41%
,"WINNEBAGO, WI",21278,1.8%,44.7%
,"MONONGALIA, WV",25421,1.7%,43.8%
,"LARAMIE, WY",17103,1.9%,48.2%
,"WOOD, WV",15606,2.9%,54.7%
,"CHELAN, WA",15389,2%,42.8%
,"HARRISON, WV",14487,2.7%,54.5%
,"OZAUKEE, WI",12980,1.3%,36.6%
,"KANAWHA, WV",10203,2.1%,49%
,"MANITOWOC, WI",14081,2.2%,50.6%
,"GRANT, WA",12929,2.4%,51.9%
,"MARION, WV",12177,2.2%,54.5%
,"PIERCE, WA",17450,1.4%,33.4%
,"JEFFERSON, WV",11418,1.8%,51.1%
,"COWLITZ, WA",11619,2.5%,44.7%
,"OUTAGAMIE, WI",12543,1.7%,38.4%
,"EAU CLAIRE, WI",12398,1.5%,40.3%
,"FOND DU LAC, WI",10146,1.9%,46.2%
,"DODGE, WI",7961,2.4%,45.6%
,"OHIO, WV",8083,2%,46.8%
,"DOUGLAS, WA",8273,2%,46.7%
,"MERCER, WV",7033,1.8%,52.2%
,"WHATCOM, WA",11934,1.4%,31.2%
,"DOUGLAS, WI",8728,2%,51.2%
,"CABELL, WV",9109,1.6%,48.4%
,"JEFFERSON, WI",7024,2%,44.5%
,"CHIPPEWA, WI",7787,1.4%,45.6%
,"OKANOGAN, WA",5978,1.9%,43.3%
,"MARINETTE, WI",5652,2%,52.9%
,"OCONTO, WI",5378,1.9%,51.4%
,"MONROE, WI",6597,2.3%,45.7%
,"ISLAND, WA",5583,1.8%,40.6%
,"COLUMBIA, WI",5784,2.5%,42.3%
,"JACKSON, WV",5171,2.4%,55%
,"MARSHALL, WV",5195,2.6%,54.1%
,"YAKIMA, WA",4099,2.9%,48.5%
,"VERNON, WI",4190,1.6%,40.7%
,"UPSHUR, WV",4824,2.6%,52.3%
,"TREMPEALEAU, WI",5352,1.5%,42.5%
,"PRESTON, WV",4210,2.3%,57.4%
,"ALBANY, WY",6026,1.4%,30.8%
,"MINERAL, WV",3928,2.3%,52.5%
,"NICHOLAS, WV",3633,2.4%,50.8%
,"SAUK, WI",3675,2.5%,36.5%
,"GRANT, WI",3953,2.3%,43.7%
,"DOOR, WI",2871,1.6%,43.4%
,"PUTNAM, WV",3164,1.9%,48.6%
,"HAMPSHIRE, WV",2637,1.4%,48.5%
,"GREEN, WI",3142,1.8%,41.2%
,"WAYNE, WV",3322,2.3%,53.6%
,"SHAWANO, WI",2954,1.6%,49.6%
,"JUNEAU, WI",2636,2.7%,44%
,"RANDOLPH, WV",2470,2.8%,52.9%
,"LEWIS, WV",2880,3.9%,54.5%
,"WETZEL, WV",2777,3.1%,57.6%
,"KEWAUNEE, WI",2739,1.4%,50.6%
,"SAINT CROIX, WI",2734,1.5%,34.5%
,"MORGAN, WV",2307,2.1%,54.1%
,"SAWYER, WI",2017,2.7%,46.7%
,"JACKSON, WI",2507,1.8%,39.1%
,"THURSTON, WA",4297,0.698%,19.2%
,"CALUMET, WI",3174,1.6%,41.9%
,"PIERCE, WI",2335,2.1%,39.8%
,"BARRON, WI",2477,1.7%,41.5%
,"TAYLOR, WV",2309,2.6%,57.6%
,"BRAXTON, WV",2225,3%,52%
,"DUNN, WI",3646,0.96%,34.3%
,"ASHLAND, WI",2368,2.2%,46.4%
,"LINCOLN, WY",1918,1.3%,41.2%
,"CRAWFORD, WI",1970,1.8%,43.8%
,"RALEIGH, WV",1679,3%,47.6%
,"BAYFIELD, WI",1565,2%,44.5%
,"WASHBURN, WI",1615,1.9%,48.8%
,"MARATHON, WI",2549,0.981%,34.7%
,"BARBOUR, WV",1914,2.5%,58.2%
,"FAYETTE, WV",1487,3%,49.3%
,"POLK, WI",1718,2.5%,41.1%
,"ADAMS, WI",1511,3%,44.1%
,"PARK, WY",1639,1.1%,29.6%
,"KLICKITAT, WA",1685,2.4%,32.2%
,"KITSAP, WA",3227,0.527%,22.6%
,"BROOKE, WV",1480,2.8%,49.7%
,"KITTITAS, WA",2167,1.8%,33.3%
,"WAUSHARA, WI",1608,2.2%,45.5%
,"SWEETWATER, WY",1457,3.3%,38.8%
,"GRANT, WV",1549,2%,49.8%
,"HARDY, WV",1430,2.1%,51.1%
,"RICHLAND, WI",1327,1.4%,37.2%
,"HANCOCK, WV",1205,2.3%,48.2%
,"IOWA, WI",1626,2.4%,41.6%
,"BUFFALO, WI",1604,1.6%,42.6%
,"RITCHIE, WV",1418,2.3%,57.1%
,"BURNETT, WI",1008,2.3%,50.3%
,"WAUPACA, WI",1561,1.5%,41.1%
,"MARQUETTE, WI",1146,1.8%,43.4%
,"UINTA, WY",1291,2.3%,39.1%
,"MINGO, WV",1224,2.5%,54.7%
,"MASON, WV",1224,1.5%,53.8%
,"CLAY, WV",1166,3.9%,43.3%
,"MCDOWELL, WV",951,2.2%,55.1%
,"TYLER, WV",1085,2.8%,58.2%
,"RUSK, WI",1097,-,43.2%
,"PORTAGE, WI",1616,2.3%,30.8%
,"GREENBRIER, WV",847,3.1%,45.8%
,"SPOKANE, WA",1781,1.6%,27.8%
,"PACIFIC, WA",801,1.4%,35%
,"WOOD, WI",1295,1.9%,36.5%
,"WEBSTER, WV",968,2.9%,59%
,"GREEN LAKE, WI",1110,2.8%,45%
,"CLARK, WI",1078,1.5%,40.7%
,"LOGAN, WV",813,2.6%,50.8%
,"BOONE, WV",688,3.1%,53.1%
,"PLEASANTS, WV",976,4.6%,57.6%
,"LINCOLN, WV",884,2.9%,54.2%
,"PENDLETON, WV",688,2.3%,53.1%
,"LAFAYETTE, WI",911,1.3%,35.5%
,"DODDRIDGE, WV",899,4%,58.2%
,"CARBON, WY",925,1.9%,43.7%
,"WIRT, WV",799,2.5%,61.6%
,"ROANE, WV",737,2.8%,51.3%
,"WYOMING, WV",568,-,38.2%
,"NATRONA, WY",777,1.8%,34%
,"LEWIS, WA",1171,1.5%,34.2%
,"ADAMS, WA",897,1.6%,47%
,"SKAMANIA, WA",716,-,43.3%
,"CAMPBELL, WY",718,2.6%,35.4%
,"TUCKER, WV",557,2.7%,56.2%
,"SAN JUAN, WA",446,-,25.1%
,"FREMONT, WY",588,3.4%,34.4%
,"MONROE, WV",556,-,52.3%
,"POCAHONTAS, WV",561,3.2%,36.9%
,"PEPIN, WI",629,2.4%,47.2%
,"GILMER, WV",625,3.4%,54.2%
,"CALHOUN, WV",546,2%,61%
,"BENTON, WA",864,2%,31.7%
,"TETON, WY",559,-,16.6%
,"GOSHEN, WY",352,-,42.3%
,"PLATTE, WY",336,-,40.8%
,"CROOK, WY",415,-,28.9%
,"ONEIDA, WI",453,-,26.3%
,"WESTON, WY",398,-,37.9%
,"WHITMAN, WA",853,-,30%
,"SUMMERS, WV",298,-,50%
,"LANGLADE, WI",407,-,37.6%
,"PRICE, WI",497,-,36.6%
,"WAHKIAKUM, WA",393,2.8%,44%
,"MASON, WA",569,-,22%
,"CLALLAM, WA",441,-,25.6%
,"GRAYS HARBOR, WA",462,-,28.1%
,"LINCOLN, WI",386,-,33.4%
,"IRON, WI",321,-,41.1%
,"BIG HORN, WY",355,-,33.8%
,"VILAS, WI",279,-,31.9%
,"SHERIDAN, WY",357,-,25.2%
,"MENOMINEE, WI",317,-,52.1%
,"FOREST, WI",243,-,38.7%
,"TAYLOR, WI",339,-,43.1%
,"SUBLETTE, WY",200,-,22.5%
,"FRANKLIN, WA",356,-,35.1%
,"WALLA WALLA, WA",213,-,23%
,"JEFFERSON, WA",181,-,19.9%
,"FLORENCE, WI",138,-,42%
,"CONVERSE, WY",167,-,35.3%
,"WASHAKIE, WY",122,-,27.9%
,"LINCOLN, WA",124,-,37.1%
,"ASOTIN, WA",114,-,38.6%
,"FERRY, WA",64,-,29.7%
,"JOHNSON, WY",101,-,20.8%
,"STEVENS, WA",95,-,32.6%
,"HOT SPRINGS, WY",60,-,35%
,"NIOBRARA, WY",37,-,32.4%
,"PEND OREILLE, WA",29,-,-
,"COLUMBIA, WA",21,-,-
,"GARFIELD, WA",10 or fewer,-,-
,None of the above,91036,1%,27.1%
,Total,1610649,1.8%,40.2%
≥ 40 and < 65 years,"KING, WA",245551,6.9%,39.6%
,"MILWAUKEE, WI",163799,13.2%,62.2%
,"DANE, WI",122828,8.2%,48.5%
,"CLARK, WA",60013,6%,43.8%
,"BROWN, WI",63410,9.4%,59.2%
,"WAUKESHA, WI",56450,6.6%,51.1%
,"SNOHOMISH, WA",56475,5.7%,43.8%
,"RACINE, WI",37065,10.6%,62.4%
,"BERKELEY, WV",37947,11%,65.5%
,"KENOSHA, WI",34215,11.4%,62.4%
,"SHEBOYGAN, WI",34156,10.8%,60.8%
,"ROCK, WI",33185,12.8%,62.5%
,"SKAGIT, WA",26987,9%,55%
,"LA CROSSE, WI",24461,9%,56.4%
,"WALWORTH, WI",25263,10.7%,61.7%
,"WASHINGTON, WI",25161,7.8%,56.4%
,"WINNEBAGO, WI",23511,9%,58.4%
,"MONONGALIA, WV",21389,10.2%,60%
,"LARAMIE, WY",20702,11.2%,60.3%
,"WOOD, WV",22680,14.3%,65.2%
,"CHELAN, WA",20816,9.4%,52.3%
,"HARRISON, WV",20979,15%,66.1%
,"OZAUKEE, WI",18634,7%,51.3%
,"KANAWHA, WV",19092,7.2%,59.9%
,"MANITOWOC, WI",19918,10.4%,62.4%
,"GRANT, WA",17226,11.6%,64.5%
,"MARION, WV",16072,12.7%,66.8%
,"PIERCE, WA",17783,5.9%,45%
,"JEFFERSON, WV",17117,10.3%,62.3%
,"COWLITZ, WA",14196,11.6%,55.4%
,"OUTAGAMIE, WI",12854,6.7%,51.6%
,"EAU CLAIRE, WI",12442,7.1%,50.8%
,"FOND DU LAC, WI",12628,9.2%,59.7%
,"DODGE, WI",12348,10.7%,61.6%
,"OHIO, WV",11633,10.1%,58.2%
,"DOUGLAS, WA",10741,9.9%,58.2%
,"MERCER, WV",12002,6.9%,56%
,"WHATCOM, WA",10771,6.9%,42.4%
,"DOUGLAS, WI",11012,10.6%,64.7%
,"CABELL, WV",10180,9.8%,56.6%
,"JEFFERSON, WI",11224,9.5%,58.8%
,"CHIPPEWA, WI",10947,7.3%,55.8%
,"OKANOGAN, WA",9708,9.1%,52.8%
,"MARINETTE, WI",9096,10.2%,65.2%
,"OCONTO, WI",9220,9.2%,63.6%
,"MONROE, WI",8168,11.2%,61%
,"ISLAND, WA",8878,6.4%,49.6%
,"COLUMBIA, WI",9287,10%,58%
,"JACKSON, WV",7768,11.8%,65%
,"MARSHALL, WV",7612,13.2%,63%
,"YAKIMA, WA",4723,13.9%,58.3%
,"VERNON, WI",6647,7.8%,57%
,"UPSHUR, WV",6705,15.3%,64.3%
,"TREMPEALEAU, WI",6592,9.9%,59%
,"PRESTON, WV",6604,11.2%,66.6%
,"ALBANY, WY",5629,5.8%,44.9%
,"MINERAL, WV",6207,11.4%,64.6%
,"NICHOLAS, WV",6490,12.4%,62.4%
,"SAUK, WI",6104,7.2%,52.4%
,"GRANT, WI",5726,8.5%,57.9%
,"DOOR, WI",5397,7.7%,55.3%
,"PUTNAM, WV",5141,5.9%,60.4%
,"HAMPSHIRE, WV",5129,7.5%,56.5%
,"GREEN, WI",4823,9.5%,56.8%
,"WAYNE, WV",4133,13.4%,60%
,"SHAWANO, WI",4702,9.4%,64.2%
,"JUNEAU, WI",4617,8.9%,59.6%
,"RANDOLPH, WV",4769,10.3%,63.8%
,"LEWIS, WV",4733,17%,67.3%
,"WETZEL, WV",4277,17.8%,68.7%
,"KEWAUNEE, WI",4278,8.6%,64.2%
,"SAINT CROIX, WI",4583,6.6%,50.5%
,"MORGAN, WV",4141,11%,60.6%
,"SAWYER, WI",3785,10%,57.3%
,"JACKSON, WI",4001,8%,48.7%
,"THURSTON, WA",3866,3.1%,29.5%
,"CALUMET, WI",3890,8%,55%
,"PIERCE, WI",3689,8.4%,59.9%
,"BARRON, WI",3530,5.9%,51.4%
,"TAYLOR, WV",3807,13.6%,68.8%
,"BRAXTON, WV",3571,16%,64.8%
,"DUNN, WI",3318,6.3%,48.6%
,"ASHLAND, WI",3459,9.8%,59.7%
,"LINCOLN, WY",3233,6.3%,51.2%
,"CRAWFORD, WI",3386,9.4%,58.4%
,"RALEIGH, WV",3319,7.7%,60.9%
,"BAYFIELD, WI",3216,8.9%,57.1%
,"WASHBURN, WI",3110,10.2%,60.2%
,"MARATHON, WI",3225,4.4%,51.3%
,"BARBOUR, WV",3308,12.8%,70%
,"FAYETTE, WV",3178,9.5%,61.3%
,"POLK, WI",2871,8.8%,54.5%
,"ADAMS, WI",2937,11.2%,59.2%
,"PARK, WY",2834,2.3%,35.3%
,"KLICKITAT, WA",2632,8.6%,43.6%
,"KITSAP, WA",2869,3.2%,34.2%
,"BROOKE, WV",2721,12.1%,60.6%
,"KITTITAS, WA",3013,7.4%,44.6%
,"WAUSHARA, WI",2862,11.8%,58.9%
,"SWEETWATER, WY",2846,8.6%,52.7%
,"GRANT, WV",2805,8.7%,62.4%
,"HARDY, WV",2820,7.3%,60.4%
,"RICHLAND, WI",2351,8.5%,52.7%
,"HANCOCK, WV",2135,7.8%,58.3%
,"IOWA, WI",2565,8.4%,55.9%
,"BUFFALO, WI",2489,8.2%,55.2%
,"RITCHIE, WV",2609,12.9%,66.8%
,"BURNETT, WI",2317,8.1%,61.3%
,"WAUPACA, WI",2171,8.9%,55.1%
,"MARQUETTE, WI",2452,10.8%,60.8%
,"UINTA, WY",2158,5.9%,53.8%
,"MINGO, WV",2495,9.1%,62%
,"MASON, WV",1999,9.7%,60%
,"CLAY, WV",2245,18.6%,50.6%
,"MCDOWELL, WV",2268,8%,59.3%
,"TYLER, WV",1948,16.6%,69.1%
,"RUSK, WI",1978,11%,57%
,"PORTAGE, WI",1607,6.5%,45.7%
,"GREENBRIER, WV",1880,6.6%,56.7%
,"SPOKANE, WA",1756,5%,46.3%
,"PACIFIC, WA",1636,10%,51.1%
,"WOOD, WI",1690,8.5%,53.7%
,"WEBSTER, WV",1897,12.8%,67.8%
,"GREEN LAKE, WI",1601,10%,59.2%
,"CLARK, WI",1485,6.7%,52.3%
,"LOGAN, WV",1713,7.3%,60.4%
,"BOONE, WV",1561,9.2%,63.5%
,"PLEASANTS, WV",1668,14.6%,70.4%
,"LINCOLN, WV",1569,10%,62%
,"PENDLETON, WV",1488,9.5%,65.5%
,"LAFAYETTE, WI",1264,8%,57.3%
,"DODDRIDGE, WV",1558,16.4%,69.8%
,"CARBON, WY",1365,6.4%,49.3%
,"WIRT, WV",1571,13.4%,66.7%
,"ROANE, WV",1519,11.5%,62%
,"WYOMING, WV",1583,4.2%,43.8%
,"NATRONA, WY",1213,6.5%,48.6%
,"LEWIS, WA",1221,6.7%,43.2%
,"ADAMS, WA",1293,8.7%,64.5%
,"SKAMANIA, WA",1297,7%,52.8%
,"CAMPBELL, WY",1330,6%,47.7%
,"TUCKER, WV",1251,9%,63%
,"SAN JUAN, WA",1109,3%,33.1%
,"FREMONT, WY",1085,6.8%,48.1%
,"MONROE, WV",1250,4.6%,49.4%
,"POCAHONTAS, WV",1272,13.8%,48.5%
,"PEPIN, WI",1120,9.2%,53.9%
,"GILMER, WV",1235,12.1%,66.1%
,"CALHOUN, WV",1155,11.2%,65.1%
,"BENTON, WA",1019,6.2%,46.5%
,"TETON, WY",994,2%,20.2%
,"GOSHEN, WY",796,8.3%,58.9%
,"PLATTE, WY",700,10%,56.4%
,"CROOK, WY",768,5.1%,40.9%
,"ONEIDA, WI",821,5.7%,51%
,"WESTON, WY",714,6.7%,51.5%
,"WHITMAN, WA",675,3.3%,43.9%
,"SUMMERS, WV",788,5.2%,55.5%
,"LANGLADE, WI",750,6.8%,50.7%
,"PRICE, WI",974,3.5%,49%
,"WAHKIAKUM, WA",687,11.5%,58.5%
,"MASON, WA",677,3.7%,36.6%
,"CLALLAM, WA",575,4%,41.2%
,"GRAYS HARBOR, WA",689,7.8%,47.9%
,"LINCOLN, WI",619,5.2%,51.7%
,"IRON, WI",606,8.7%,56.6%
,"BIG HORN, WY",536,-,42%
,"VILAS, WI",577,9%,51.6%
,"SHERIDAN, WY",461,4.3%,38.8%
,"MENOMINEE, WI",468,10%,63.2%
,"FOREST, WI",411,10%,57.9%
,"TAYLOR, WI",414,5.3%,45.9%
,"SUBLETTE, WY",437,5.9%,45.8%
,"FRANKLIN, WA",421,9.3%,56.8%
,"WALLA WALLA, WA",358,5.6%,40.8%
,"JEFFERSON, WA",318,-,37.1%
,"FLORENCE, WI",294,4.8%,53.4%
,"CONVERSE, WY",322,7.1%,52.5%
,"WASHAKIE, WY",241,-,37.8%
,"LINCOLN, WA",237,8.4%,58.2%
,"ASOTIN, WA",187,7%,46%
,"FERRY, WA",175,7.4%,41.7%
,"JOHNSON, WY",142,-,38%
,"STEVENS, WA",172,-,45.3%
,"HOT SPRINGS, WY",125,-,41.6%
,"NIOBRARA, WY",92,-,44.6%
,"PEND OREILLE, WA",68,-,36.8%
,"COLUMBIA, WA",25,-,56%
,"GARFIELD, WA",20,-,-
,None of the above,135473,4.8%,37.6%
,Total,1977099,9%,53.4%
65 years or more,"KING, WA",148232,12%,37.5%
,"MILWAUKEE, WI",102312,20.3%,58.4%
,"DANE, WI",76520,14.7%,49%
,"CLARK, WA",48335,10.5%,43.3%
,"BROWN, WI",44034,17%,59.8%
,"WAUKESHA, WI",44527,13.1%,50.4%
,"SNOHOMISH, WA",39176,9%,37.2%
,"RACINE, WI",27609,15.8%,56.4%
,"BERKELEY, WV",23610,17.9%,59.1%
,"KENOSHA, WI",21881,17.9%,57.7%
,"SHEBOYGAN, WI",27809,17.7%,60%
,"ROCK, WI",22558,19.4%,59.7%
,"SKAGIT, WA",27153,12.1%,46.8%
,"LA CROSSE, WI",18623,16.7%,57.5%
,"WALWORTH, WI",22602,16.3%,56.5%
,"WASHINGTON, WI",18563,15.5%,57.4%
,"WINNEBAGO, WI",15841,16.4%,56.9%
,"MONONGALIA, WV",14149,15.9%,56.8%
,"LARAMIE, WY",18564,17.4%,53.1%
,"WOOD, WV",19423,21%,57.8%
,"CHELAN, WA",19496,15.1%,49.7%
,"HARRISON, WV",16861,23.6%,61%
,"OZAUKEE, WI",16884,13.8%,51.7%
,"KANAWHA, WV",21312,9.4%,48.6%
,"MANITOWOC, WI",16865,16.2%,59.5%
,"GRANT, WA",14215,19.4%,59.7%
,"MARION, WV",13512,19.1%,60.2%
,"PIERCE, WA",10018,8.7%,38.7%
,"JEFFERSON, WV",11587,16.3%,54.3%
,"COWLITZ, WA",11063,10.6%,42.2%
,"OUTAGAMIE, WI",6446,12.1%,52.5%
,"EAU CLAIRE, WI",9722,12.4%,47%
,"FOND DU LAC, WI",8437,14.6%,56.9%
,"DODGE, WI",10326,17%,59.9%
,"OHIO, WV",11614,14.7%,49.2%
,"DOUGLAS, WA",9091,18.4%,54%
,"MERCER, WV",11179,10.7%,46.2%
,"WHATCOM, WA",7371,10.8%,36.4%
,"DOUGLAS, WI",8759,17.9%,60.6%
,"CABELL, WV",5701,12.3%,44.1%
,"JEFFERSON, WI",9613,13.8%,56%
,"CHIPPEWA, WI",9164,11.8%,51.3%
,"OKANOGAN, WA",10885,15.1%,49.3%
,"MARINETTE, WI",9594,15.9%,62%
,"OCONTO, WI",8010,17.1%,62.7%
,"MONROE, WI",6402,18.3%,60.7%
,"ISLAND, WA",10973,8.8%,41.6%
,"COLUMBIA, WI",7109,15.4%,56.1%
,"JACKSON, WV",6834,17.2%,53.9%
,"MARSHALL, WV",7263,19.9%,56%
,"YAKIMA, WA",4415,15.9%,48.1%
,"VERNON, WI",6749,14.8%,58.6%
,"UPSHUR, WV",5957,22.5%,57%
,"TREMPEALEAU, WI",4687,16.4%,59.1%
,"PRESTON, WV",6022,16.3%,59.1%
,"ALBANY, WY",5000,12.7%,42.7%
,"MINERAL, WV",5826,18.4%,55.4%
,"NICHOLAS, WV",6354,18.6%,52.7%
,"SAUK, WI",6022,9.4%,49.7%
,"GRANT, WI",5800,11.9%,55.4%
,"DOOR, WI",8087,10.5%,51.5%
,"PUTNAM, WV",4661,9%,48.5%
,"HAMPSHIRE, WV",4817,10.4%,47.1%
,"GREEN, WI",3760,16.4%,56%
,"WAYNE, WV",2574,17.2%,47.2%
,"SHAWANO, WI",3753,14.5%,60.1%
,"JUNEAU, WI",4707,12%,54.8%
,"RANDOLPH, WV",5115,11.8%,56%
,"LEWIS, WV",3802,21.8%,57.1%
,"WETZEL, WV",3953,22%,59%
,"KEWAUNEE, WI",3467,16.8%,64.3%
,"SAINT CROIX, WI",3984,10.6%,49.2%
,"MORGAN, WV",4050,13.1%,50.1%
,"SAWYER, WI",4632,15.6%,54.7%
,"JACKSON, WI",3630,8.6%,46.6%
,"THURSTON, WA",2796,5.3%,28.6%
,"CALUMET, WI",2166,13.9%,57.8%
,"PIERCE, WI",3780,14.1%,57.5%
,"BARRON, WI",3590,7.1%,47%
,"TAYLOR, WV",3097,20.5%,61.1%
,"BRAXTON, WV",3555,21.9%,53.7%
,"DUNN, WI",2137,9.1%,49%
,"ASHLAND, WI",3138,16.6%,57.3%
,"LINCOLN, WY",3298,12.2%,48.7%
,"CRAWFORD, WI",3682,14.2%,56.1%
,"RALEIGH, WV",4008,8.4%,50.9%
,"BAYFIELD, WI",4213,14.2%,53.1%
,"WASHBURN, WI",3865,14.8%,56.4%
,"MARATHON, WI",1721,6.6%,43.9%
,"BARBOUR, WV",3121,18.2%,58.9%
,"FAYETTE, WV",3331,11.9%,52.4%
,"POLK, WI",3093,13%,49.8%
,"ADAMS, WI",3202,14.8%,54.9%
,"PARK, WY",3269,4.5%,32.9%
,"KLICKITAT, WA",3040,9%,40.2%
,"KITSAP, WA",2280,5.1%,32.9%
,"BROOKE, WV",3236,15.3%,50.4%
,"KITTITAS, WA",2762,11.1%,43.3%
,"WAUSHARA, WI",2696,17.9%,57.4%
,"SWEETWATER, WY",3032,10.4%,47.6%
,"GRANT, WV",2924,15%,50.5%
,"HARDY, WV",2669,12.5%,50.8%
,"RICHLAND, WI",3000,9.6%,49.6%
,"HANCOCK, WV",2379,8.7%,51.1%
,"IOWA, WI",2166,11.6%,50.6%
,"BUFFALO, WI",2284,12.6%,53.1%
,"RITCHIE, WV",2411,20.7%,61.8%
,"BURNETT, WI",3323,12.1%,55.9%
,"WAUPACA, WI",1550,11.5%,55.8%
,"MARQUETTE, WI",2615,16%,58.4%
,"UINTA, WY",1971,9.2%,48.4%
,"MINGO, WV",2422,12.3%,49.3%
,"MASON, WV",1495,12.4%,50.6%
,"CLAY, WV",2017,25%,44.1%
,"MCDOWELL, WV",2324,10.3%,48.1%
,"TYLER, WV",1983,23%,60.1%
,"RUSK, WI",1928,13.1%,51.9%
,"PORTAGE, WI",1209,7.5%,41.8%
,"GREENBRIER, WV",2253,8.6%,46.9%
,"SPOKANE, WA",1614,8.8%,39.5%
,"PACIFIC, WA",2775,8.4%,39.9%
,"WOOD, WI",1392,9.9%,43.3%
,"WEBSTER, WV",2038,14.9%,56.6%
,"GREEN LAKE, WI",1397,13.5%,57.3%
,"CLARK, WI",1646,7.8%,45.6%
,"LOGAN, WV",1714,9%,52.7%
,"BOONE, WV",1747,9.3%,55.3%
,"PLEASANTS, WV",1561,23.6%,63.1%
,"LINCOLN, WV",1247,11.4%,50.8%
,"PENDLETON, WV",1956,14.7%,53.8%
,"LAFAYETTE, WI",1410,10.5%,56%
,"DODDRIDGE, WV",1370,24.5%,60.4%
,"CARBON, WY",1461,9.9%,45.8%
,"WIRT, WV",1388,21%,60.9%
,"ROANE, WV",1642,14.7%,50.5%
,"WYOMING, WV",1658,5.9%,37.6%
,"NATRONA, WY",1140,6.8%,44.2%
,"LEWIS, WA",1171,7%,38.8%
,"ADAMS, WA",1083,16.3%,61.1%
,"SKAMANIA, WA",1266,9.7%,44%
,"CAMPBELL, WY",1255,8.1%,45.7%
,"TUCKER, WV",1551,11.3%,53.2%
,"SAN JUAN, WA",2007,3.3%,25.5%
,"FREMONT, WY",1254,6.6%,38.3%
,"MONROE, WV",1231,7%,40.1%
,"POCAHONTAS, WV",1459,18%,42.9%
,"PEPIN, WI",1316,13.3%,47.9%
,"GILMER, WV",1122,15.7%,55.2%
,"CALHOUN, WV",1183,16.7%,53.1%
,"BENTON, WA",1033,7.2%,44%
,"TETON, WY",1158,2.1%,20.7%
,"GOSHEN, WY",1437,10.2%,51.7%
,"PLATTE, WY",1317,10.4%,50.3%
,"CROOK, WY",984,6.9%,40.2%
,"ONEIDA, WI",1033,7.1%,44.4%
,"WESTON, WY",827,12.2%,45.9%
,"WHITMAN, WA",669,6.1%,36.9%
,"SUMMERS, WV",1003,7.7%,45.4%
,"LANGLADE, WI",724,10.5%,49%
,"PRICE, WI",581,5.5%,42.5%
,"WAHKIAKUM, WA",811,13.6%,49.3%
,"MASON, WA",692,8.5%,42.2%
,"CLALLAM, WA",909,6.6%,38.8%
,"GRAYS HARBOR, WA",725,12.7%,45.1%
,"LINCOLN, WI",515,8.2%,47.2%
,"IRON, WI",649,10.6%,48.8%
,"BIG HORN, WY",680,5.9%,33.4%
,"VILAS, WI",840,9.9%,48.9%
,"SHERIDAN, WY",594,4.4%,31.3%
,"MENOMINEE, WI",370,12.7%,55.7%
,"FOREST, WI",493,8.5%,49.9%
,"TAYLOR, WI",397,9.1%,46.3%
,"SUBLETTE, WY",556,4.5%,36.5%
,"FRANKLIN, WA",299,10.4%,38.8%
,"WALLA WALLA, WA",493,5.1%,33.7%
,"JEFFERSON, WA",632,4.6%,32%
,"FLORENCE, WI",525,8.4%,55%
,"CONVERSE, WY",348,6.9%,45.1%
,"WASHAKIE, WY",406,-,32.3%
,"LINCOLN, WA",262,12.6%,48.5%
,"ASOTIN, WA",226,8.4%,41.2%
,"FERRY, WA",260,8.5%,42.7%
,"JOHNSON, WY",193,-,34.7%
,"STEVENS, WA",207,5.8%,40.6%
,"HOT SPRINGS, WY",193,-,34.7%
,"NIOBRARA, WY",120,9.2%,50%
,"PEND OREILLE, WA",69,-,34.8%
,"COLUMBIA, WA",43,-,39.5%
,"GARFIELD, WA",24,-,-
,None of the above,88242,7.9%,34.8%
,Total,1507275,14.2%,50.1%
No value,"KING, WA",10 or fewer,-,-
,"MILWAUKEE, WI",10 or fewer,-,-
,"DANE, WI",10 or fewer,-,-
,"CLARK, WA",10 or fewer,-,-
,"BROWN, WI",10 or fewer,-,-
,"WAUKESHA, WI",10 or fewer,-,-
,"SNOHOMISH, WA",10 or fewer,-,-
,"RACINE, WI",10 or fewer,-,-
,"BERKELEY, WV",10 or fewer,-,-
,"KENOSHA, WI",10 or fewer,-,-
,"SHEBOYGAN, WI",10 or fewer,-,-
,"ROCK, WI",10 or fewer,-,-
,"SKAGIT, WA",10 or fewer,-,-
,"LA CROSSE, WI",10 or fewer,-,-
,"WALWORTH, WI",10 or fewer,-,-
,"WASHINGTON, WI",10 or fewer,-,-
,"WINNEBAGO, WI",10 or fewer,-,-
,"MONONGALIA, WV",10 or fewer,-,-
,"LARAMIE, WY",10 or fewer,-,-
,"WOOD, WV",10 or fewer,-,-
,"CHELAN, WA",10 or fewer,-,-
,"HARRISON, WV",10 or fewer,-,-
,"OZAUKEE, WI",10 or fewer,-,-
,"KANAWHA, WV",10 or fewer,-,-
,"MANITOWOC, WI",10 or fewer,-,-
,"GRANT, WA",10 or fewer,-,-
,"MARION, WV",10 or fewer,-,-
,"PIERCE, WA",10 or fewer,-,-
,"JEFFERSON, WV",10 or fewer,-,-
,"COWLITZ, WA",10 or fewer,-,-
,"OUTAGAMIE, WI",10 or fewer,-,-
,"EAU CLAIRE, WI",10 or fewer,-,-
,"FOND DU LAC, WI",10 or fewer,-,-
,"DODGE, WI",10 or fewer,-,-
,"OHIO, WV",10 or fewer,-,-
,"DOUGLAS, WA",10 or fewer,-,-
,"MERCER, WV",10 or fewer,-,-
,"WHATCOM, WA",10 or fewer,-,-
,"DOUGLAS, WI",10 or fewer,-,-
,"CABELL, WV",10 or fewer,-,-
,"JEFFERSON, WI",10 or fewer,-,-
,"CHIPPEWA, WI",10 or fewer,-,-
,"OKANOGAN, WA",10 or fewer,-,-
,"MARINETTE, WI",10 or fewer,-,-
,"OCONTO, WI",10 or fewer,-,-
,"MONROE, WI",10 or fewer,-,-
,"ISLAND, WA",10 or fewer,-,-
,"COLUMBIA, WI",10 or fewer,-,-
,"JACKSON, WV",10 or fewer,-,-
,"MARSHALL, WV",10 or fewer,-,-
,"YAKIMA, WA",10 or fewer,-,-
,"VERNON, WI",10 or fewer,-,-
,"UPSHUR, WV",10 or fewer,-,-
,"TREMPEALEAU, WI",10 or fewer,-,-
,"PRESTON, WV",10 or fewer,-,-
,"ALBANY, WY",10 or fewer,-,-
,"MINERAL, WV",10 or fewer,-,-
,"NICHOLAS, WV",10 or fewer,-,-
,"SAUK, WI",10 or fewer,-,-
,"GRANT, WI",10 or fewer,-,-
,"DOOR, WI",10 or fewer,-,-
,"PUTNAM, WV",10 or fewer,-,-
,"HAMPSHIRE, WV",10 or fewer,-,-
,"GREEN, WI",10 or fewer,-,-
,"WAYNE, WV",10 or fewer,-,-
,"SHAWANO, WI",10 or fewer,-,-
,"JUNEAU, WI",10 or fewer,-,-
,"RANDOLPH, WV",10 or fewer,-,-
,"LEWIS, WV",10 or fewer,-,-
,"WETZEL, WV",10 or fewer,-,-
,"KEWAUNEE, WI",10 or fewer,-,-
,"SAINT CROIX, WI",10 or fewer,-,-
,"MORGAN, WV",10 or fewer,-,-
,"SAWYER, WI",10 or fewer,-,-
,"JACKSON, WI",10 or fewer,-,-
,"THURSTON, WA",10 or fewer,-,-
,"CALUMET, WI",10 or fewer,-,-
,"PIERCE, WI",10 or fewer,-,-
,"BARRON, WI",10 or fewer,-,-
,"TAYLOR, WV",10 or fewer,-,-
,"BRAXTON, WV",10 or fewer,-,-
,"DUNN, WI",10 or fewer,-,-
,"ASHLAND, WI",10 or fewer,-,-
,"LINCOLN, WY",10 or fewer,-,-
,"CRAWFORD, WI",10 or fewer,-,-
,"RALEIGH, WV",10 or fewer,-,-
,"BAYFIELD, WI",10 or fewer,-,-
,"WASHBURN, WI",10 or fewer,-,-
,"MARATHON, WI",10 or fewer,-,-
,"BARBOUR, WV",10 or fewer,-,-
,"FAYETTE, WV",10 or fewer,-,-
,"POLK, WI",10 or fewer,-,-
,"ADAMS, WI",10 or fewer,-,-
,"PARK, WY",10 or fewer,-,-
,"KLICKITAT, WA",10 or fewer,-,-
,"KITSAP, WA",10 or fewer,-,-
,"BROOKE, WV",10 or fewer,-,-
,"KITTITAS, WA",10 or fewer,-,-
,"WAUSHARA, WI",10 or fewer,-,-
,"SWEETWATER, WY",10 or fewer,-,-
,"GRANT, WV",10 or fewer,-,-
,"HARDY, WV",10 or fewer,-,-
,"RICHLAND, WI",10 or fewer,-,-
,"HANCOCK, WV",10 or fewer,-,-
,"IOWA, WI",10 or fewer,-,-
,"BUFFALO, WI",10 or fewer,-,-
,"RITCHIE, WV",10 or fewer,-,-
,"BURNETT, WI",10 or fewer,-,-
,"WAUPACA, WI",10 or fewer,-,-
,"MARQUETTE, WI",10 or fewer,-,-
,"UINTA, WY",10 or fewer,-,-
,"MINGO, WV",10 or fewer,-,-
,"MASON, WV",10 or fewer,-,-
,"CLAY, WV",10 or fewer,-,-
,"MCDOWELL, WV",10 or fewer,-,-
,"TYLER, WV",10 or fewer,-,-
,"RUSK, WI",10 or fewer,-,-
,"PORTAGE, WI",10 or fewer,-,-
,"GREENBRIER, WV",10 or fewer,-,-
,"SPOKANE, WA",10 or fewer,-,-
,"PACIFIC, WA",10 or fewer,-,-
,"WOOD, WI",10 or fewer,-,-
,"WEBSTER, WV",10 or fewer,-,-
,"GREEN LAKE, WI",10 or fewer,-,-
,"CLARK, WI",10 or fewer,-,-
,"LOGAN, WV",10 or fewer,-,-
,"BOONE, WV",10 or fewer,-,-
,"PLEASANTS, WV",10 or fewer,-,-
,"LINCOLN, WV",10 or fewer,-,-
,"PENDLETON, WV",10 or fewer,-,-
,"LAFAYETTE, WI",10 or fewer,-,-
,"DODDRIDGE, WV",10 or fewer,-,-
,"CARBON, WY",10 or fewer,-,-
,"WIRT, WV",10 or fewer,-,-
,"ROANE, WV",10 or fewer,-,-
,"WYOMING, WV",10 or fewer,-,-
,"NATRONA, WY",10 or fewer,-,-
,"LEWIS, WA",10 or fewer,-,-
,"ADAMS, WA",10 or fewer,-,-
,"SKAMANIA, WA",10 or fewer,-,-
,"CAMPBELL, WY",10 or fewer,-,-
,"TUCKER, WV",10 or fewer,-,-
,"SAN JUAN, WA",10 or fewer,-,-
,"FREMONT, WY",10 or fewer,-,-
,"MONROE, WV",10 or fewer,-,-
,"POCAHONTAS, WV",10 or fewer,-,-
,"PEPIN, WI",10 or fewer,-,-
,"GILMER, WV",10 or fewer,-,-
,"CALHOUN, WV",10 or fewer,-,-
,"BENTON, WA",10 or fewer,-,-
,"TETON, WY",10 or fewer,-,-
,"GOSHEN, WY",10 or fewer,-,-
,"PLATTE, WY",10 or fewer,-,-
,"CROOK, WY",10 or fewer,-,-
,"ONEIDA, WI",10 or fewer,-,-
,"WESTON, WY",10 or fewer,-,-
,"WHITMAN, WA",10 or fewer,-,-
,"SUMMERS, WV",10 or fewer,-,-
,"LANGLADE, WI",10 or fewer,-,-
,"PRICE, WI",10 or fewer,-,-
,"WAHKIAKUM, WA",10 or fewer,-,-
,"MASON, WA",10 or fewer,-,-
,"CLALLAM, WA",10 or fewer,-,-
,"GRAYS HARBOR, WA",10 or fewer,-,-
,"LINCOLN, WI",10 or fewer,-,-
,"IRON, WI",10 or fewer,-,-
,"BIG HORN, WY",10 or fewer,-,-
,"VILAS, WI",10 or fewer,-,-
,"SHERIDAN, WY",10 or fewer,-,-
,"MENOMINEE, WI",10 or fewer,-,-
,"FOREST, WI",10 or fewer,-,-
,"TAYLOR, WI",10 or fewer,-,-
,"SUBLETTE, WY",10 or fewer,-,-
,"FRANKLIN, WA",10 or fewer,-,-
,"WALLA WALLA, WA",10 or fewer,-,-
,"JEFFERSON, WA",10 or fewer,-,-
,"FLORENCE, WI",10 or fewer,-,-
,"CONVERSE, WY",10 or fewer,-,-
,"WASHAKIE, WY",10 or fewer,-,-
,"LINCOLN, WA",10 or fewer,-,-
,"ASOTIN, WA",10 or fewer,-,-
,"FERRY, WA",10 or fewer,-,-
,"JOHNSON, WY",10 or fewer,-,-
,"STEVENS, WA",10 or fewer,-,-
,"HOT SPRINGS, WY",10 or fewer,-,-
,"NIOBRARA, WY",10 or fewer,-,-
,"PEND OREILLE, WA",10 or fewer,-,-
,"COLUMBIA, WA",10 or fewer,-,-
,"GARFIELD, WA",10 or fewer,-,-
,None of the above,10 or fewer,-,-
,Total,15,-,-
Total,"KING, WA",753231,5%,30%
,"MILWAUKEE, WI",627735,7.5%,41.3%
,"DANE, WI",412734,5.8%,34.6%
,"CLARK, WA",214334,4.5%,31.7%
,"BROWN, WI",210084,6.9%,44.1%
,"WAUKESHA, WI",206244,5%,33.5%
,"SNOHOMISH, WA",173719,4.3%,33.8%
,"RACINE, WI",126068,7.2%,44.1%
,"BERKELEY, WV",118670,7.7%,48.9%
,"KENOSHA, WI",115833,7.4%,43.3%
,"SHEBOYGAN, WI",110734,8.3%,46.4%
,"ROCK, WI",107618,8.7%,46.2%
,"SKAGIT, WA",96330,6.3%,41.6%
,"LA CROSSE, WI",85191,6.8%,40.9%
,"WALWORTH, WI",83087,8.2%,46.3%
,"WASHINGTON, WI",81332,6.4%,40.7%
,"WINNEBAGO, WI",78193,6.6%,43%
,"MONONGALIA, WV",77393,6.3%,43.1%
,"LARAMIE, WY",75360,7.9%,42.1%
,"WOOD, WV",71296,11%,50.6%
,"CHELAN, WA",69948,7.5%,40.4%
,"HARRISON, WV",66489,11.4%,50.7%
,"OZAUKEE, WI",66013,5.8%,36%
,"KANAWHA, WV",64764,5.6%,43.4%
,"MANITOWOC, WI",64131,8.1%,48%
,"GRANT, WA",57887,8.8%,47.7%
,"MARION, WV",52930,9.3%,50.7%
,"PIERCE, WA",52045,4.2%,34.7%
,"JEFFERSON, WV",51594,7.5%,46.3%
,"COWLITZ, WA",46444,6.9%,39.6%
,"OUTAGAMIE, WI",44722,4.5%,35%
,"EAU CLAIRE, WI",43999,5.2%,37.6%
,"FOND DU LAC, WI",40856,6.5%,43.5%
,"DODGE, WI",39258,8.5%,46.2%
,"OHIO, WV",38964,7.9%,43.9%
,"DOUGLAS, WA",36702,8%,42.7%
,"MERCER, WV",36657,5.9%,44.5%
,"WHATCOM, WA",36157,4.7%,31.7%
,"DOUGLAS, WI",35699,8.2%,49.3%
,"CABELL, WV",35379,5.3%,39.3%
,"JEFFERSON, WI",34533,7.5%,45%
,"CHIPPEWA, WI",34474,5.8%,43.1%
,"OKANOGAN, WA",33274,8%,41.1%
,"MARINETTE, WI",29157,8.9%,52.5%
,"OCONTO, WI",28297,8.3%,50.1%
,"MONROE, WI",28205,8%,44.2%
,"ISLAND, WA",28138,5.8%,40.5%
,"COLUMBIA, WI",27571,8%,44.2%
,"JACKSON, WV",25401,8.8%,48.4%
,"MARSHALL, WV",25223,10.3%,49%
,"YAKIMA, WA",24930,6%,31.8%
,"VERNON, WI",22031,7.3%,44.2%
,"UPSHUR, WV",21912,11.5%,49.1%
,"TREMPEALEAU, WI",21779,6.9%,43%
,"PRESTON, WV",21421,8.6%,50.5%
,"ALBANY, WY",21204,5%,31.7%
,"MINERAL, WV",19835,9.5%,49.3%
,"NICHOLAS, WV",19369,10.8%,49.5%
,"SAUK, WI",19012,5.9%,40.7%
,"GRANT, WI",18979,6.8%,45.1%
,"DOOR, WI",18493,7.1%,46.5%
,"PUTNAM, WV",18259,4.4%,40.1%
,"HAMPSHIRE, WV",15206,6.2%,44.2%
,"GREEN, WI",14816,7.8%,42.8%
,"WAYNE, WV",14734,7.4%,41.8%
,"SHAWANO, WI",14577,7.2%,48.2%
,"JUNEAU, WI",14448,7.4%,46.3%
,"RANDOLPH, WV",14318,8.3%,51.9%
,"LEWIS, WV",14082,12.4%,51.2%
,"WETZEL, WV",13972,12.4%,51.9%
,"KEWAUNEE, WI",13472,7.4%,48.9%
,"SAINT CROIX, WI",13400,5.8%,40%
,"MORGAN, WV",12730,8.2%,47.3%
,"SAWYER, WI",12621,9.2%,46.4%
,"JACKSON, WI",12195,5.7%,39%
,"THURSTON, WA",12166,2.4%,23.3%
,"CALUMET, WI",12130,5.7%,40.7%
,"PIERCE, WI",12051,7.5%,46%
,"BARRON, WI",12033,4.2%,38.9%
,"TAYLOR, WV",11458,10.7%,53.5%
,"BRAXTON, WV",11223,12.7%,50.3%
,"DUNN, WI",11110,4%,36.4%
,"ASHLAND, WI",11095,8.3%,46.3%
,"LINCOLN, WY",10992,5.8%,38.2%
,"CRAWFORD, WI",10825,8.1%,46.7%
,"RALEIGH, WV",10706,6.2%,47.2%
,"BAYFIELD, WI",10576,8.7%,46.2%
,"WASHBURN, WI",10240,9.1%,49.2%
,"MARATHON, WI",10185,2.8%,33.9%
,"BARBOUR, WV",10137,10.3%,53.8%
,"FAYETTE, WV",9640,7.9%,47.6%
,"POLK, WI",9139,7.7%,42.7%
,"ADAMS, WI",9137,9.4%,47.1%
,"PARK, WY",9127,2.6%,28.8%
,"KLICKITAT, WA",9122,6.1%,33.3%
,"KITSAP, WA",9095,2.5%,27.4%
,"BROOKE, WV",9061,9.6%,46.5%
,"KITTITAS, WA",8990,6.3%,37.3%
,"WAUSHARA, WI",8875,9.7%,46.4%
,"SWEETWATER, WY",8714,7%,40.6%
,"GRANT, WV",8602,8.4%,48.3%
,"HARDY, WV",8145,7.1%,48.4%
,"RICHLAND, WI",8003,6.4%,41.4%
,"HANCOCK, WV",7880,5.2%,41.5%
,"IOWA, WI",7880,6.6%,41.9%
,"BUFFALO, WI",7866,6.7%,43%
,"RITCHIE, WV",7780,11.2%,53.7%
,"BURNETT, WI",7670,8%,50.9%
,"WAUPACA, WI",7562,5.7%,38.3%
,"MARQUETTE, WI",7315,9.7%,49.7%
,"UINTA, WY",7308,4.7%,36.9%
,"MINGO, WV",7092,7.9%,50%
,"MASON, WV",6550,6.1%,43.7%
,"CLAY, WV",6418,15.1%,41.3%
,"MCDOWELL, WV",6317,7.1%,48.8%
,"TYLER, WV",6198,13.1%,53.4%
,"RUSK, WI",6104,7.9%,44.3%
,"PORTAGE, WI",6096,4%,29.6%
,"GREENBRIER, WV",5862,6.1%,44.1%
,"SPOKANE, WA",5855,4.5%,34%
,"PACIFIC, WA",5787,7.1%,39.5%
,"WOOD, WI",5715,5.5%,35.7%
,"WEBSTER, WV",5657,10.3%,55%
,"GREEN LAKE, WI",5401,7.4%,43.4%
,"CLARK, WI",5181,4.7%,38.8%
,"LOGAN, WV",5155,5.9%,47.4%
,"BOONE, WV",5101,6.6%,48%
,"PLEASANTS, WV",5077,13%,55.3%
,"LINCOLN, WV",5035,6.6%,44.6%
,"PENDLETON, WV",4766,9.5%,51.4%
,"LAFAYETTE, WI",4765,5.6%,39.6%
,"DODDRIDGE, WV",4660,13.5%,54.2%
,"CARBON, WY",4589,5.7%,39.2%
,"WIRT, WV",4574,11.5%,54.3%
,"ROANE, WV",4555,9.7%,48.7%
,"WYOMING, WV",4471,4%,35.7%
,"NATRONA, WY",4279,4.2%,33.5%
,"LEWIS, WA",4171,4.4%,33.9%
,"ADAMS, WA",4122,7.4%,47.8%
,"SKAMANIA, WA",4037,5.5%,40.2%
,"CAMPBELL, WY",3965,5.4%,37.9%
,"TUCKER, WV",3898,8%,50.6%
,"SAN JUAN, WA",3786,2.7%,26.7%
,"FREMONT, WY",3729,4.8%,34.1%
,"MONROE, WV",3675,4.1%,39.6%
,"POCAHONTAS, WV",3669,12.5%,40.6%
,"PEPIN, WI",3649,8%,43.2%
,"GILMER, WV",3598,9.6%,51%
,"CALHOUN, WV",3368,10.1%,52.4%
,"BENTON, WA",3325,4.7%,36.8%
,"TETON, WY",3084,1.7%,17.6%
,"GOSHEN, WY",2944,7.7%,47.2%
,"PLATTE, WY",2760,7.9%,44.4%
,"CROOK, WY",2644,4.3%,32.2%
,"ONEIDA, WI",2634,4.9%,38.5%
,"WESTON, WY",2524,6%,36.6%
,"WHITMAN, WA",2476,3%,33%
,"SUMMERS, WV",2399,5.4%,44.6%
,"LANGLADE, WI",2354,5.8%,39%
,"PRICE, WI",2325,3%,39.7%
,"WAHKIAKUM, WA",2205,9.3%,45.6%
,"MASON, WA",2083,4.5%,32.4%
,"CLALLAM, WA",2008,4.5%,35.3%
,"GRAYS HARBOR, WA",1976,7.7%,40.2%
,"LINCOLN, WI",1962,4%,36.6%
,"IRON, WI",1942,6.8%,42.4%
,"BIG HORN, WY",1923,2.9%,31.1%
,"VILAS, WI",1852,7.6%,43.4%
,"SHERIDAN, WY",1765,3.1%,26.9%
,"MENOMINEE, WI",1557,6.7%,45.3%
,"FOREST, WI",1408,6.7%,42.5%
,"TAYLOR, WI",1391,4.5%,38%
,"SUBLETTE, WY",1359,4.1%,33.4%
,"FRANKLIN, WA",1277,6.1%,38.8%
,"WALLA WALLA, WA",1178,4.5%,31.2%
,"JEFFERSON, WA",1171,3.2%,30.6%
,"FLORENCE, WI",1057,6.1%,48.2%
,"CONVERSE, WY",1050,4.7%,37.9%
,"WASHAKIE, WY",900,2%,29%
,"LINCOLN, WA",708,7.8%,45.1%
,"ASOTIN, WA",594,5.6%,38%
,"FERRY, WA",561,6.2%,36.5%
,"JOHNSON, WY",525,2.7%,27.8%
,"STEVENS, WA",515,4.3%,37.7%
,"HOT SPRINGS, WY",444,3.8%,32.2%
,"NIOBRARA, WY",284,6%,40.5%
,"PEND OREILLE, WA",173,-,31.2%
,"COLUMBIA, WA",96,-,41.7%
,"GARFIELD, WA",54,-,37%
,None of the above,386730,3.8%,28.7%
,Total,6508874,6.6%,39.5%
